prolific_id,bonus
6653ae434d386b6218f51efb,5.375
682e04457533f40df7cbeb33,3.15625
66572be86b6f84a5be724517,3.09375
682ca35e12dc2f5c6007951f,4.4375
6827223e7b413b5852bea767,6.4375
67dc2c51f63afe496c0e7a0c,4.46875
683e5546a35bf16a00b67804,5.1875
6847ddec0adb86c8a7d4d75d,3.5
68483d40185598902b719f20,6.4375
